label,text-cat,targetword-cat
4,собеседование без уважительный причина вы не уметь управлять свой время а значит и в работа у вы быть,косяки
4,не хотеть но тот ещё стерва ну и собсный говорить поцапаться мы с она слегка за то что свалить на я,косяк
4,сдавать обязать кстати никто не мешать вы купить платный программа с другой как вы выражаться,косяками
4,он право и ругань исчезать лирика на это этап я быть весьма опечалить ибо ругань в лог пропасть а,косяк
4,место и там такой же качество,косяков
4,но не надо на весь человек там работать гнать порожняк вот я в салон например коврик без всякий,косяков
4,этот addstudio потестить дть версия ранний не работать с она поэтому если тут утверждать что весь,косяки
4,какой нибыть язык программирование можно тот же пхп написать куча трудный код и пусть юзернейм искать баг,косяки
4,запись перемудрить изнутри сетка то у я нормальный открываться так бы ещё долго не знать что у я,косяк
4,к открытие мероприятие на эвакуатор он доставить эклипсы в столица и приступить к разбор иметься,косяков
4,десять песня слово в слово весь показать свой искусство,косяки
4,гостевуха оставлять свой отзыв и комментарий я быть рад любой ваш содействие,косяк
4,масштаб растровый изображение и получить достойный результат но увеличение масштаб обязательно вызвать,косяки
4,принимать только образ винд должный быть не более 4ггб на 8 гиговой флех иначе в что то да вылезти,косяк
4,слышать я видеть впечатление конечно исключительно положительный говорить о организационный,косяках
4,излишек убрать при помощь металлический линейка и влажный тряпка не то что заказчик ребята знать о мой,косяке
4,по клиника да по хирург кто то сразу отказаться посоветовать идти к свой врач тип он свой,косяки
4,нет дробный о самый такелаж а блок прийтись делать с нуль том к в набор они не быть это не,косяк
4,трещина в рам я бы просто отправить ты твой деньга обратно с неустойка так как это быть бы мой,косяк
4,внешнии css ну мочь что то не значительный оставить конечно в мой код сумбурность и прочий,косяки
4,увидеть сей творение поубавиться в 100раз тем не менее пошлый не в день премьера но весь таки пошлый,косяков
4,отчего то перехватывать дыхание интерпол мочь не звать разобраться только вот с служба безопасность,косяк
4,считать крышка топливный бак не сломаться конечно и он трудно назвать хороший самосвал при,косяках
4,220 тыща на машина 2002 год где то 3 год назад новый хозяин на она проездить 2 год без какой либо,косяков
4,подставной самолёт врезаться в здание втц хорошо что есть человек вроде вы который удачливый высматривать,косяки
4,желание немедленно выкинуть книга в мусоросжигательный печь и при это я прощать свой автор любой,косяки
4,включить,косяков
4,упасть mysql поисковик сайтик индексировать 250 мб еррорлогово за несколько минута быть там правда быть,косяк
4,китайский предприятие ist она в целое выйти не такой уж и плохой хотя как говориться не без отдельный,косяков
4,авто за свой деньга главный понимать что хотеться от обладание авто а мальнький неприятность и,косяки
4,там стоить вполне современный такойж на lacetti ранний ставить в отличие от грант и заметить подобный,косяков
4,проблема вопрос следующий я нужно перевести координата winform в координата gl я это сделать но есть,косяк
4,ответственность за такой действие не предусмотреть,косяки
4,норма только брхра играть из бан лист и конечно infinity который как раз выиграть чемп тут быть явно,косяк
4,мода создать мировой кинематограф в последний год,косякам
4,по дробный сфотать она с разный сторона и том далее,косяк
4,приклеить без она предварительный обсуждение на форум в выбор модель к счастие не ошибиться особый,косяков
4,утверждать что с точка зрение надёжность и сервис ниссан проигрывать если у митсу случаться заводский,косяки
4,объяснение это нет ни на форум ни в руководство администратор мочь бы и патч написать явный,косяк
4,достаточный чтобы вести дискуссия материально не заинтересовать в проект но замечать большой куча,косяков
4,год в рф особенно не радовать что прийтись один месяц ездить в ожидание что сейчас какой нибыть,косяк
4,заманчивый цена 107т р сторговать на 100т р 2 очень,косяки
4,по материк,косяк
4,скорый исправление ситуация с цена на ремонт,косяк
4,обеспечение безопасность дорожный движение в республика татарстан,косякам
4,быть уже не то,косяков
4,впечатление быть довольно радужный потому что по мелочь у одноклассник как это правильно быть заметить тож,косяков
4,обрашение приезжать удлинять кабель в сибирьтелеком решать проблема разрыв связь половина год в итог найти,косяк
4,мегабайт,косяк
4,как ток ударить проигрывать зенит португалец без вариант и особо явственно видеть славина косяк,косяки
4,стоить продолжать спорый так как оба программа иметь право на жизнь а плохой передача цвет и прочий,косяки
4,магазин щас с папа поставить в вологда и быть там работать потом я месяц не затрагивать ни один он,косяка
4,снимать кинуть исходничек на какой нить файлообменник а я ссылка на он интересно,косяки
4,p p,косяков
4,особенно если чехонь кормиться с дно на струя пикер можно применять при ходовой ловля когда искать,косяк
4,оформление,косяки
4,пример такой вопрос быть выше обычно начинаться с где можно скачать,косяки
4,тм мягковатый но вроде после проварка весь ок,косяки
4,состояние это на случай если я без тормоз руль и с три колесо поехать или найти какой нибуть мелкий,косяк
4,создатель решить что в немой что то не хватать и приплести экологический тематика что бы быть вот тут весь,косяки
4,наш район,косяки
4,309 прогнать по диапазон весь вроде нормальный даже хороший чем на преведущий но сейчас заметить один,косяк
4,ростовский вышка на северный военвед скорость у я мегабит полтора получаться но иногда бывать,косяк
4,сколько на ремонт дорога уйти день,косяков
4,получаться и с локоть у ты весь более чем в порядок если есть косяк на фотография то это сугубо мой,косяки
4,быть не много да мёрзнуть быстро потому сделать только два из за спешка на пано с прожектор получиться,косяки
4,по совместительство бывший сапёр парень обладать неописуемый чувство жопа находить такой баг,косяки
4,очень относительный штука поверь я копнить любой знаток любой стиль и у он можно найти масса,косяков
4,даже большой перковы с книга за щуп получаться тоже самый только с другой уровень,косяк
4,жаловаться не на етен а на то что у они видитель крякнуть спб не работать с новый ака,косяк
4,грунтовка для пластик за 200р и самый дешёвый краска за 60р с грунтовка весь просто а вот с краска опять,косяк
4,сегодня мочь стартовать премаркетинг,косяк
4,протестировать штука 30 программа но ни один не подходить точнее один быть ciii 2006 но у нея есть,косяк
4,надо проверить,Косяк
4,большой чем у 29го один серия потом он топливо добавить но манёвренность ухудшиться плюс у 29го быть,косяк
4,тот как можно создать ванная комната который быть бы максимально удобный для ребёнок,косяк
4,согласиться бесплатно там ремонтировать а вообще уважаемый жилец дом засор канализация прямая ваш,косяк
4,можно в баня ходить 1 раз в неделя стирать вручную китель брюки остальной сдавать в стирка за каждый,косяк
4,такой мы не ехать там быть огромный ебанистический потоп и тип проблема чтоль тут огромный,косяк
4,хватить на наркотик так что урезать они вы скорее лишить он бутерброд в буфет чем очередной,косяка
4,вот в чем вопрос,косяков
4,мой участие в дать ветка,косяк
4,спорить косяк бывать везде но косяк в нью йорк броситься в глаз сразу в крем и прочий прочий,косяки
4,в это проблема для я в это хака,косяк
4,водитель не застраховать от посещение данный учреждение если можно исправить,косяк
4,готовый я услышать,косяки
4,оказываться быть не в курс тот что он можно в наш найти утерять бочка как хотя с можно сторона это,косяк
4,предположить взыскание деньга с налоговый за проиграть конкурс если доказать что выиграть бы и весь,косяк
4,мочь помочь в развернуть вид,косяки
4,продемонстрировать что польза от он мягко говорить маловато естественно что никто бы не стать за,косяки
4,малышок сам машина очень довольный и клиент тоже мы с она в такси работать вот вы и китаец быть один,косяк
4,попробовать полазить в настройка драйвер там бывать много интересный,косяк
4,скорость движение позвонить в амаям я сказать что на аукционник отмечаться только самый заметный,косяки
4,на против в 4 у мы с вы общий двор построить ваш дом ровно за 1 год строить хорошо без видимый,косяков
4,учёт опыт пользователь,косяк
4,представить а мувика не всегда в хороший качество ну а топор это тот кто из пул в пул делать один и тот же,косяки
4,авторский текст если мы убрать он явно нарушиться стилистика это же бросаться в глаз что не просто,косяк
4,быть два раз экзистый привозить передний втулка меньший диаметр но высокий на стаб не налезать но,косяк
4,смочь а вот субъективно том е мой имхо ну вы нафег с ваш тошибами,косяк
4,достоинство,косяк
4,сильно захотеть такой кляуза на завод накатать что мой дилер отозвать мой автомобиль и исправить весь 19,косяков
4,задний право карман джинс лаг не быть кстати на acer liquid лаг тоже не не быть похоже что,косяк
4,тут уже писать что на завод вроде устранить сеять косяк смотреть дата выпуск двигатель остальной,косяки
4,он 105х45х15 я бы он ещё за 700 взять но не пихать такой начинка в тонкий корпус,косяках
4,53 порту не проблема порт открыть наружу регистрироваться далёкий и получать вот это,косяк
4,этот корова ещё очень и очень долго главный чтоб не как с колл оф дьютя кстати в картель не только,косяк
4,дать не на сервер не на сервер блеать так что хороший вести трёп уже борец за справедливость это,косяк
4,включиться после прогрев вентелятор большой не выключаться снимать клемма с датчик выключаться это,косяк
4,понравиться автор обойти стороной вопрос с фонарь кабина и ответный место а на модель это очень серьёзный,косяк
4,p,косяк
4,поиск косяк ланс хотя я не отрицать что они есть и много,косяки
4,с он чем на adsl выбор провайдер в центр питер к сожаление оооочень скромный и весь с свой,косяками
4,а потом только покупать d,косяки
4,пение выплачивать и посколько месяцевиногда клиент ждать устронения неполадка в каждый фирма есть,косяки
4,p p,косяки
4,мотоцикл вперёд назад не уверенный что тот же мягкотелость у весь вымакс вполне вероятно это,косяк
4,скол но до ржавчина ещё не дошлый скорее всего это особенность российский сборка,косяков
3,резко отшатнуться назад,косяк
3,который она пролетать 9 с 221 текст листовка наркоман читать не быть а на рисунок прежде увидеть,косяк
3,голландия как и везде после запрет обычный курение в общественный место стать невозможный однако,косяки
3,задержать 36 летний хозяин квартира,косяк
3,понимать чаяние простой негр из клип,косяки
3,память,косяков
3,p p,косяк
3,босой нога на терракотовый плитка лестничный площадка в один рука он держать банка с пиво в другой,косяк
3,приветственный клик на весь зал чеглок окружать восторженный мьют хлопать по спина совать сигарета и,косяки
3,абсолютно не подходящий в качество фон то это вандализм а если человек купить краска вместо пиво или,косяка
3,заездить магнитола крутиться тягучий заунывный рэгга трава сам выползать из пакет сам забиваться в,косяки
3,дробовик или с деньга так что пока ты вспоминать весь ночь напролёт вместе с свой друг раскурить,косяк
3,тот кто стать хиппи знать что не очень то здорово выглядеть в цветастый шаль длинный волос и с,косяками
2,припуститься по круг между стена стол стул безобразный беззвучный толстяк перепрокинуться на,косяках
2,толковать так и сяк факт который собственно кот наплакать женщина в чем то коричневый хвататься за,косяк
2,просто не смочь унести сила не хватить,косяка
2,я путь в палата дау нахально преградить лифшиц он встать в проём дверь крепко вцепиться в дверной,косяк
2,драма но и в лирик вещь оставаться немой действующий лицо любовный плач у дверь обращаться к дверной,косяку
2,так сказать в дело спрятаться за дверь в церковь воскресение христов а ряд с он приникнуть к,косяку
2,обязательно дословно просто вложить с нея весь свой сила палочка спрятать либо под порог либо за,косяком
2,изображать дед мороз ну что детишечка хотеть чудо лилька прислониться к облезлый директорский,косяку
2,день генеральный уборка бегать по хозяйственный магазин в поиск заветный жидкость а вот дверной,косяки
2,наливной смесь который быстро привести половина в нормальный состояние,косяки
2,высокий трава между тем шквальный огонь нападать сделать свой дело дверь накрениться и отойти от,косяка
2,не высунуться из укрытие вы один тут жить,косяку
2,как мешок с песок переложить на что то вроде носилки затем перед мой глаз мелькнуть дверной,косяк
2,темнота ревматический сустав плоскостопо протопать в хату лёха двинуться за он и тут же лобызнуться с,косяком
2,противник обхватать он за шея и тащить назад в гостиный по путь будто случайно двинуть гордон голова о,косяк
2,p p,косяка
2,прошмыгнуть в ванная через секунда там лязгнуть запор саша только рука махнуть что запираться я обточить,косяк
2,различный материал это мочь быть дерево панель пвх и панель мдф один панель закрепляться на дверной,косяке
2,экземпляр дейли мейл в который я разглядеть заголовок новый берлинский кризис кнопка на дверной,косяке
2,машина дарый весь равно сейчас уехать девочка болтать на кухня он постоялый немного прислониться к,косяку
2,йуд всемогущий толковаться как сокращение от слово охранять дверь израиль футляр поместить на правый,косяк
2,какой адрес выслать пример а слово сказать так при склейка например панорама комната не сходиться,косяки
2,антропометр не расстраиваться для наш эксперимент достаточно просто встать спина к стена или дверной,косяку
2,принцип вот скажем губерматерь какой то иль там президент какой случайно где то башка стукнуться о,косяк
2,открытие выйти звонить я встать на нога спрятаться за штора люда заходить а я нет тут уже она за,косяк
1,охотник оставаться надежда на встреча с кефаль и прежде всего с сингиль который сбиваться в огромный,косяки
1,море плезиозавр они длинношеий разновидность обитать у поверхность море здесь они охотиться за,косяками
1,звучать как заговор,косяка
1,правильно выбрать скопление для облов большой динамический диапазон позволить отличить рассредоточить,косяк
1,косяк просто тупо решить поднять рейтинг хп так как гейтс и сотоварищ отказаться от он тут уже,косяк
1,мочь выбрать,косяками
1,направление под вода ослепительно сверкать серебряный спина да если у самый берег ходить такой огромный,косяки
1,в март достаточно активно ловить он хороший не один чтобы приманка постоянно быть в лунка иначе,косяк
1,становиться свидетель изменение происходить в океан когда я начать нырять в 1950 х у мы рыба целое,косяками
1,уклейка и килька потом уйти чуть глубокий подняться вверх по течение и вот уже снова стрела врезаться в,косяк
1,исчезнуть,косяк
1,чудесный осенний день небо уже посветлеть ещё гореть точечка звезда день обещать быть чудесный,Косяк
1,мелкий косяк отходить близкий к берег где объединяться в более крупный массовый скопление укрупненный,косяков
1,в 70 х рпд быть так вот он от пояс отрывать одиночный выстрел только не надо верещать что это за,косяк
1,совместить с двор ширина вход в двор закрывать занавеска зависеть от размер облавливать,косяков
1,мерёжа в несколько больший масштаб здесь перегораживаться проход рыба различный форма перегородка и,косяк
1,я он уже делать,косяками
1,самцов косяк весной начинать присоединяться самка и в апрель май они преобразовываться в брачный,косяки
1,как к весь человек который сидеть на два стул а потом потихоньку понять и принять ребёнок стать,косяками
1,который на протяжение полумиля следовать за судный оператор эхолот утверждать что это не мочь быть,косяк
1,низкий запас азовский хамса основный объект промысл до холод рыба набирать вес и не сбиваться в,косяки
1,унок тяж человек вираж собраться в тяж человек комежа ами лапа ться в косяк крыло они махать мерно и,косяк
1,человек,косяков
1,душевный накал и река зелёный вод очень чистый прозрачный спокойный несуетливый рыба плавать,косяками
1,и увы на рыба проблема не кончиться алькаида быть в самый процесс поедание а точнее распугивание,косяка
1,подобный гарем по весь вероятие служить личный качество вожак старое опытный самец собирать в один,косяк
1,осень голодный и холодный становиться в степь на подножный корма и жеребец сам пригонять вверить он,косяк
1,зрелище в синий небо издавать громкий курлыканье и прощаться с оставаться внизу природа лететь огромный,косяк
1,абориген выращивать изменить в сторона увеличение размер вкусность и полезность рыба удерживать,косяки
1,артемьев замерзать на берег водохранилище в заволжье в район верхний терраса гусь и утка лететь,косяками
1,война мы быть словно пламя непокорный мы быть кость в слишком многий горло вы для нея член мой,косяка
