label,leftcontext-cat,targetword-cat
2,одессит игорь который уже привлекаться к ответственность за разбой и 35 летний валерий зайти в ювелирный,лавке
2,старинный город иркутский обзорный экскурсия обед в кафе город свободный время посещение сувенирный,лавки
2,какой нить неписать традиция или табу и что человек обидеться а я быть чувствовать себя слон в посудный,лавке
2,топливо для мотор и дрова для костра лоток с самый необходимый рыболовный товар и продуктовый,лавка
2,который практически невозможно описать он знать очень много он знать так много что однажды купить в,лавке
2,собор музей деревянный зодчество архитектурный ансамбль покровский монастырь посещение сувенирный,лавки
2,доминиканский республика не забыть привезти домой сувенир который продавать в многий сувенирный,лавках
2,год в обираловский пристанционный посёлок насчитываться около 200 дом появиться казённый винный,лавка
2,сегодня заказать себя ещё,лавки
2,есть сторона ladies есть gents но это обычно никто не придерживаться только в букшоп и овощной,лавке
2,любитель всякая эзотерика порадоваться всевозможный благовоние чай масло по смешной цена вообще,лавки
2,произведение искусство,лавках
2,среди покупатель торговый марка янт байкальский молочный продукт капитан милк молочный,лавка
2,оставаться в рукопись издать лишь в 1780г первое очень редкий издание в 1787г в московский книжный,лавках
2,свой домик ферма давать слот на гладиатор и возможность приобрести такой прекрасный вещь как торговый,Лавку
2,подарок должный быть одинаковый взять броник поехать в ближний город за подарок долго ходить по,лавкам
2,шумный толпа в поиск торговец плодовый семя долго бродить он разглядывать выставить возле,лавок
2,росляк по настояние горожанин на план город указать вновь прожектировать место для деревянный мелочный,лавок
2,далеко не сразу официально она продолжать считаться адмиралтейский но житель город хорошо знать,лавку
2,четыре ресторан самообслуживание любо дорого этот заведение работать на фуд корт три кондитерский,лавки
2,магазин продукция представить обычно как минимум один товарный группа том е если это к пример мясной,лавка
2,писательница дафный дюморье создать знаменитый ребекка она проводить часы в архив и букинистический,лавках
2,капкан крыса и оснимывать они иной парнишка начать шариться по карман родитель мухлевать с сдача в,лавке
2,пилеса главный улица старое город уютный и узенький на она очень интересный ресторан сувенирный,лавки
2,молодая девушка маргарета ли в качество личный биограф,лавке
2,пойти же и взять у они то и то и ничто взамен не давать и броситься народ к лавка и разрушить,лавки
2,залопотать по гречески спустить сходня быстро и споро перетаскать тюк спиридон удалиться с хозяин в,лавку
2,как он действительно обнимать прямо на порог свой магазин пани ян а потом пани ян выносить из,лавки
2,стекло доводить они до нужный состояние очковый мастер узнать мы смеяться когда мы опять заходить в,лавку
2,смотреть но не покупать ничто ни на копейка говорить богач,лавку
2,шарманщик и зазывать покупатель продавец круглый вафля по чешски оплаток с ореховый начинка в,лавках
2,юй шу особый случай они продавать и продолжать продавать совершенно легально через аптека,лавки
2,с сла винским быть связать и подле каждый стоялый дюжий городов стефаний и анна сидеть в угол на,лавке
2,не суетливый пополнение набор маслице веточка свечечка водичка земелька из церковный,лавок
2,вход около 50 le это для любитель египетский история далёкий маленький базар из туристический,лавок
2,а что далёкий в душа я надеяться что быть продолжение и часто расхаживать по книжный магазин и,лавкам
2,ряд отсюда мнение что слово рядович в новгород обозначаться купец но известно что средневековый,лавки
2,имя конечно же весь мы очень хорошо знать то что киров,лавка
2,дешёвый до самый дорогой тип мальборо или данхилый,лавках
2,один только германия а в центр иерусалим вокруг храм гроб господний я видеть множество антикварный,лавок
2,особенность неразменный рубль состоять в следующий что бы на он ни покупать он едва владелец выйти из,лавки
2,минута по 15 так что в очередь стоялый большой час наверное есть весь но впечатление тягостный как в,лавке
2,идеальный женщина флоренса домби эстера саммерсон и др один из который маленький нелла из роман,Лавка
2,убеждение или религия или сильный рука муж мочь они заставить потеть в этот одежда мужчина толкаться у,лавок
2,заплатить ли прочный джентльмен за такой реклама свойственник повешенный история умалчивать но уж в,лавке
2,соль но бусик стоить дешёвый и я едва едва на они хватить они лежать ряд в витрина антикварный,лавки
2,продаваться разный игровой ценность больший частью эксклюзивный доступный только в лавка ассортимент,лавки
2,грудь а надо ты сказать я совершенно не переваривать сливовый косточка который отпускать в оружейный,лавках
2,такой сущностный что порой не описать и сотня слово и эпитет,лавок
2,открытка за определённый плата отправить внутригородской почта можно быть даже в обычный продуктовый,лавках
2,ньяхурур предприимчивый туземец установить табличка мол здесь находиться экватор поставить сувенирный,лавку
2,больший внутренний двор высокий мощный колонна между который как в ячейка быть устроить отдельный,лавки
2,целый участок этот стена в весь она высота с сторона город он не видный потому что закрыть дом и,лавками
2,туда то обратно и так раз двадцать в час это когда уже стемнеть а когда канцлер закрыть свой,лавку
2,внутри город с приход выжить воин в огриммаре подняться запах схожий с тем что окружать мясной,лавку
2,подвал напасть один человек это раз господин неймлеса снова вынуть чётки щёлкнуть бусина в ювелирный,лавке
2,p p,лавку
2,тагильчанин посетить пешеходный зона на улица киров побывать в настоящий юрт посмотреть ремесленный,лавки
2,насчитываться около 558 строение несомненно стоить упомянуть то что в городок работать около 165,лавок
2,оказаться платный стоимость услуга приемлемый,лавок
2,дорогой экзотический цветок затем побродить по вест стрит милостивый принять угощение от хозяин овощной,лавок
2,знать на что идти деньга,Лавки
2,монастырь по плющиха потом из дорогомилово в то время на арбат располагаться множество двор церковь и,лавок
2,строгий старинный особняк выстроить при маркиз де помбал сейчас в они размещаться кафе магазин и,лавки
2,например боржоми и чем большой тем хороший если же минералка под рука нет а беспокойно сходить в,лавка
2,лондонский the ivy готовить в рагу по больший часть из фермерский продукт в тот число сотрудничать с,Лавкой
2,который продать он нитрат вместо соль эпсом и такой образ убить в течение пять часы аптечный,лавка
2,быть построить двухэтажный кирпичный жилой дом с удобство для преподаватель за баня керосиновый,лавка
2,центр возвышаться древний благовещенский собор и церковь алексей митрополит обстроить крытый ми,лавками
2,она муж толика выходец откуда то из прибалтика толика менингит по слух содержимый в мюнхен мясной,лавку
2,предписывать подготовка к такой событие заблаговременно в мёртвый душа перед бал у губернатор в местный,лавках
2,внезапно как и начаться но торикс продолжать уверенно углубляться куда то в чаща я отправить сысоев в,лавку
2,предлагать вы очищение от шлаковый посредством глубинный опорожнение толстой кишечник даже в церковный,лавках
2,магазин впрочем для тот чтоб целиком оценить они прелесть хорошо бы знать германский и музыкальный,лавок
2,ежедневно проходить сотня паломник и турист с всего мир и каждый метр здесь занятый сувенирный,лавками
2,приводиться много полезный информация по тема убийство нерожденный ребёнок аборт,лавке
2,едвабень штурмовой группа национал демократический молодёжь стоять с металлический штырь у еврейский,лавок
2,мотивировать в роман естественный стечение обстоятельство только что пожелать развлечение рафаэль выйти из,лавки
2,танцевальный зала и игорный заведение у мик глаз на лоб полезть когда она увидеть прямоугольный торговый,лавку
2,автор аллен карра пара аллен карра аллен похудеть открыть перед айн дверь и она выйти из тёплый и уютный,лавки
2,город страна и туристический район можно натолкнуться и на круглосуточный магазин частное торговый,лавки
2,знать свой вера если вы мало что знаете то начать с книга закон божий она должный быть в церковный,лавках
2,король тюк пока клевета трансильвания голова и по возвращение я встретить жид более чем прохладно,Лавке
2,в центр на час и просто погулять по город в центр есть небольшой пешеходный улица с сувенирный,лавками
2,ранний на русь стол на который располагаться трапеза устилаться солома или сено это делать он и,лавки
2,драматический театр оао бин банк клуб ит директор калининградский регион сеть магазин книжный,Лавка
2,экспонат немного но с эрмитаж поспорить соответствующий сувенир только здесь можно непременно купить,лавка
2,образ быть меняла обменивать различный вид монета римский меняла держать на форум семь обменный,лавок
2,гуляние на берег река немного измениться дерево общипать земля гладко вымести платье устроить,лавки
2,не прийти но мочь привести враждебный мы сила что надо сделать не быть россия слон в посудный,лавке
2,десять чем по счёт ежедневник 4 неповторимый многие чай вид посуда упаковка вы найти только в,лавке
2,постановление о порядок открытие и содержание пивная лавка в сила который теперь для помещение пивная,лавок
2,под название обычный городской индийский жизнь много интересный можно увидеть вроде владелец,лавки
2,посидеть на площадь на скамейка минута спустя снова встать подойти к витрина магазин в книжный,лавке
2,это любовь это очень тонкий сфера нельзя так грубо вламываться в сфера любовь и бегать как слон по,лавке
2,градостроительство быт нрав традиция а также судьба именитый горожанин посетитель музей мочь заглянуть в,лавку
2,работать 24 000 человек существовать лавка и столовый для 2800 человек управление дело в потребительский,лавке
2,укатать весь бархан в окрестность ксара гилана сохраниться забросить город зерауа в немой нет сувенирный,лавок
2,пешеходный зона проезд автотранспорт далёкий центральный улица запрещаться многочисленный сувенирный,лавки
2,древний моллюск что гильдия собираться с он делать кто знать мочь собраться открыть антикварный,лавку
2,3 лавочный место и 6 амбар соляный 39 лавка 6 лавочный место и 3 амбар щепяной и лапотный 9,лавок
2,согласиться так возникнуть новый посёлок который расти и благоустраиваться быть построить школа открыться,лавки
2,польша рука подать так что можно сказать что в скит прислать свой вот батюшка заходить в церковный,лавку
2,печёрка а весь остальной принадлежащий он недвижимость сдавать в наём на первое этаж дом располагаться,лавка
2,собирать пользоваться больший спрос радиоприёмник и торговать они на обочина дорога или в мелкий,лавках
2,запоминать по десять идиом каждый неделя,лавке
2,экземпляр нетрудно отыскивать они необходимый не в магазин а на ярмарка в комиссионный магазин либо,лавках
2,находить очень точный слово создавать выразительный и иметь с тем неожиданный образ открытый дверь,лавок
2,и тяжёлый однако такой комод остаться далеко в прошлое и они можно найти разве что в антикварный,лавках
2,построить семь храм по число убитый член царский семья напомнить они имя музей монастырь и церковный,лавка
2,не считать нужный слепо следовать генплан он вроде бы не собираться вести себя как слон в посудный,лавке
2,молитва к ганеша каждый деловой письмо или книга начинаться также с воззвание к он торговец ставить над,лавками
2,добывать продукт разве можно сравнить вкус добыть в бой дефицит с теперешний купить в люба,лавке
2,конфигурация и добавление в место лавка рф о порядок подготовка и вступление в сила нормативный акт,лавка
2,увидеть и узнать немного о пирамида и о город луксор частью она также являться поход по сувенирный,лавками
2,свет хозяин выйти встречать девушка с оружие в рука что быть не удивительно весь таки оружейный,лавка
2,храм успение пресвятой богородица в путинк газета успенский листок можно приобрести в церковный,лавке
2,бен иегуд иерусалим вечером как женщина при свеча выглядеть молодой сумрак добавить вывесить у,лавок
2,и готовиться по пример вступительный экзамен прошлое год книжка и брошюра полно в весь книжный,лавках
2,он проходить мимо кира тот подставить он подножка и молниеносно перенести стул на грохнуться посреди,лавки
2,пиотровский родина и к о и реутов 88 русский лавка бакалейный торговля малый базар цветана трг,лавка
2,раздолье деликатес и сувенир,лавок
2,целовать он пожелтеть глянец,лавке
2,310 год назад вдова бурна взять в аренда дом 3 на сента джейм стрит и открыть здесь небольшой бакалейный,лавку
2,параллельно развиваться ни раз не пересекаться несколько сюжетный линия мальчишка устать помогать мама в,лавке
1,непонаслышке знать служилый же но пока почти по шекспир бить или не бить дитя пока лежать поперёк,лавки
1,обещать быть напрячь ведь хайнкесса не выпустить на пол многий футболист основный состав,лавке
1,послевоенный время лихолетье драка разборка дворовый шпана идти дом на дом идти мы стенка на стенка,Лавки
1,силовой оборудование и свободный вес гакк присед жим нога машина смитта силовой рам жимовыя,лавки
1,замена прошлый сезон вспомнить когда прийти бурдиссо играть пара жуан бурдиссо с центр а мексес греть,лавку
1,усилие кондуктор повертеть бумажка в рука и сунуть она в компостер,лавкой
1,какой то свой стратегия поведение,лавку
1,необходимый для тот чтобы на сыр образоваться ровный оранжевый корка без плесень и трещина,лавке
1,что отец брюллов быть резчик по дерево и как выясниться тоже работать дом создавать резной ложка,лавки
1,заголосить в чёрный лохмотья младшенький сам от холод и голод чёрный стать хлопнуться старуха на,лавку
1,хватиться сам сергей ещё чаща прочий начать про он поговаривать присесть вечерком с молодец на,лавку
1,надевать повязка она на голова и одевать в рукавица шуба шаль даже летом одеть она так она сесть на,лавку
1,преть дерево гнилой овощ прокислый капуста солёный грибов что то тухлый порченый стул,лавки
1,школа несколько ребёнок дошкольный возраст облепить вольер с кура и кролик внутри домик длинный,лавки
1,главврач павловский детский костный туберкулёзный санаторий 1895 год построить жила дом и кирпичный,лавка
1,представитель новгородский музей заповедник находка представлять себя ям размер три на три метр с два,лавками
1,от такой удобство отказаться практичный деревенский житель да никогда ведь как приятно на такой,лавке
1,ладонь нищий вот смех на обер мейстеров шуба по моль тратить мех по чердак по пыльный,лавкам
1,кум и кума бабка повитуха стол обязательно застилаться бела скатерть на нея ставить хлеб соль на,лавку
1,вперёд цена баснословный за какой нить йотомамомото а простой русский изба чем не минимализм,Лавка
1,рассчитать на 12 24 вольт,лавок
1,они всегда проблема не очень приятно такой лицезреть хотя они же никто не мешать там что спать на,лавке
1,рождественский убранство являться химмелить многочастный украшение из солома сено и солома устилать половина,лавки
1,дневальный под рука ввести гость хотеть и я помочь но нарваться на матюг отстать ходок усадить на,лавку
1,выбрасывать,лавки
1,так уникальный салон появиться и у мы в саратов на московский 115 в тк мир,лавке
1,маз идти весь малое население село с улица разбегаться забираться кто за печь кто на полати кто под,лавку
1,жёлтый с обозначить весь связка и кость тело митрополит быть простёртый на выскоблить липовый,лавке
1,комиссия заходить околоточный надзиратель с участковый врач и дворник они поверхностно осмотреть,лавку
1,царь встать позвать он к себя поздороваться карашеваться и велеть он сесть с правый рука на другой,лавке
1,представление о тот какой полагаться быть настоящий кабак половина в кабак быть усеять солома стол и,лавки
1,наш звезда особенно это касаться розовощёкий который нормальный тренер давно бы посадить он на,лавку
1,достаточно тот он чуток камелот воронеж просмотр объявление работа для себя как бы дозволить скатываться с,лавки
1,баскаково два минута вагон быть пустой только несколько мешочник нахохлиться на жёлтый деревянный,лавках
1,висеть через плечо ученик к мастер алекс он кузнец жить на кукуй не пушить она подойти к,лавке
1,lahrn кстати тук тук это местный прозвище пикап с полуоткрытый кузов где вдоль боков стенка на,лавках
1,хвост и показаться он что жена он лисица обманывать он вот и задумать он она испытать вытянуться под,лавкой
1,иметь никакой собственность с жалование по несколько соты рубль в год выстроить огромный дом и ряд,лавок
1,отказать человек вернуть деньга и извиниться а у он между прочить бизнес ребёнок малое семеро по,лавкам
1,шпатлевочный слой,лавку
1,кто ты судьба вы ждать доля а пришлый я её сестра суденица судьба мать опешить присаживаться на,лавку
1,от ты не говорить уже о самый лавка вот и приходиться он мыться с утро каждый день надраивать этот,лавку
1,в партия гусь односельчанин в ленинград и поступить на склад губгусьпрод,лавке
1,знать а вертолетик это здорово мнести кто подарить,лавку
1,история вопрос поляк выступать за белый голубой с 2008 год но в прошлое сезон довольно прочно осесть на,лавке
1,безработный и абсолютно вольный человек глаз и изящно смотреть на надутый сын заблаговременно нырнуть под,лавку
1,платок вы к кома девушка да посмотреть внимательно вы должный я узнать в комната завести на,лавку
1,второе озеро к мы подсесть пара турист который молча взять весло и кивок предложить мы сесть на,лавку
1,черёво по хозяйски откинуть полог шатёр вздохнуть с облегчение да здесь прохладно и какой широкий,лавка
1,при помощь синтетический материал создавать при это довольно неплохой теплоизоляция весь лежак,лавки
1,она быть адрессова адрессова весь в дом заснуть но имя не до сон сидеть они ряд в уголок на широкий,лавке
1,смочь бы жить в такой сразу за он стоить полуразвалить серый домишко у который стоить лавка а на,лавке
1,автобус и погнать в 118 отделение милиция там запихать за решётка в переполненный человек загон с,лавками
1,когда внезапно раздаться дверной звонок международный разговор словно оглядеться уза поздно как стать,лавки
1,всего провинциал и турист улица протянуться на 5 5 километр и по весь она длина выстроиться многие тысяча,лавок
1,живность не держать но в дом я даже грустно стать начинать от печка весь чёрный чугун кастрюля,лавки
1,благовоние просить баснословный сумма но ходовой товар всегда находить свой покупатель и не залёживаться на,лавках
1,спортбокс он мы не нужный у мы такой пруд прудить привет петраков из владимир вот так дебют а у мы,лавку
1,раздольный волга книзу кремль по овражистый скат терраса к волга посад с торг на деревянный,лавках
1,март начинать нестись рано по утро мама они ощупывать и тот который с яйцо нести в дом где под,лавкой
1,как сорока где ни поподить думать с что последний день силантий здесь сидеть и хлопнуть ладонь по,лавке
